sample_ID,minADE_k,minFDE_k,b-minFDE_k
10025,2.317798070537073,6.821075531202138,7.821069403413792
10035,1.833170834481604,5.22233032898286,6.004995954177846
10082,1.6540538019459317,3.46188364139753,4.455249724140195
10138,1.814619120426776,5.1033749133164354,6.092192504988688
10174,1.7430867016891929,2.8521676488852847,3.840069453498824
10180,2.9877448478300184,3.8075379547233617,4.463598236581067
10226,3.2821928117965777,3.9696256753171206,4.570089715845254
10279,2.881871248537384,7.84910021640766,8.641893699396542
103,7.0166579428078375,8.800550767979832,9.800550761653582
10315,2.025961864197845,3.4275130050314826,4.427489833969529
10411,4.376228655497687,5.740522420770724,6.514359343024749
10440,1.7436073199028723,4.409029565464754,5.293115228571606
1048,2.2059171528267667,2.8002225832750507,3.3913589354179106
10587,3.253315185522856,6.439393955680565,7.439041531356011
1059,2.48868200025333,6.844975576915052,7.831036700627837
1061,2.0700900493151684,2.902620094269793,3.695908910090864
10653,2.74029147667233,7.418083683540285,8.371529120936884
10657,1.5914631902522165,4.544642951742609,5.210535219558079
10662,1.761586068077311,4.557465758164707,5.387724697285165
10663,1.593044358330978,7.631239488915629,8.527873037601683
10678,1.8772847055553332,4.30485172776203,4.8020535434432565
10685,1.7377071659691163,3.6218151309201994,4.220914464096999
10732,2.331552381454278,4.858274068490079,5.734733451654069
10748,2.288212271275974,4.772853954612623,5.699257281859406
10780,2.7370608041713385,6.319358923920682,7.03107600080302
10802,1.6012462943799288,2.8887645182708632,3.756555029040108
10866,1.9176067676751836,3.80857596281034,4.146885373085849
10966,5.886694687713246,8.719119921881356,9.375716583450714
10984,2.5148259438787277,5.381037248662933,6.381036675235647
10998,1.9333171235031588,3.136836411946094,3.652671665227089
11013,1.717712405856844,3.188397722271086,4.106468692308409
11027,2.847091276663163,3.1950695238927924,4.15900102436536
11033,2.1986276916103265,4.866044653543344,5.225645478482802
1111,4.701902242282087,8.65832020417488,9.48593193877859
1112,2.150141103355094,4.280281477250804,4.907082331705181
11134,2.444979905272955,2.891318679423263,3.891317952270197
11150,2.165337664885179,5.140044445632509,5.961747174172742
11169,2.4507123672502598,3.851350148035177,4.851350134837119
1123,1.9306324607213932,3.627884056710714,4.544662953680858
11255,1.5968765667472122,3.2030559035197785,3.9690313482062782
11297,8.72963077350268,21.76973400263956,22.76973398372333
11316,2.4961885642332304,2.6218395531329066,3.390609195540636
11385,9.681592113492195,33.149628180534194,33.87552751436748
11390,1.7838524959161504,6.476781466395966,7.430602220623181
11450,6.987286365737039,15.095123920037404,15.812836912713854
11496,2.041924034417592,8.080944333825936,8.667154089033186
1150,3.7315154728119913,4.887505468967872,5.744066617730014
11532,3.13006588257871,7.054459925885419,7.995157805314848
11544,3.429827314821289,6.937499809762678,7.8201154647415105
11566,1.956643322395459,3.826333281454416,4.499085948048176
11579,13.129604590040175,24.67833568944946,25.678335689447675
11592,2.5660237904328054,6.197029460590073,7.197029322181603
11596,1.7103155871904852,3.505376593312126,4.12524684413156
11617,2.339561923209004,4.600405721202223,5.474738172359737
11648,6.037802303527836,17.533643431384558,18.533642628245115
1175,2.355052947503879,3.0174499983360064,3.7567925791035512
11750,2.7655780945129047,7.273127195425907,8.127651246533572
11792,2.570406340840882,4.90500250808299,5.683452591132756
11824,4.097280076125975,6.322264552582396,7.321793063945496
11871,1.7793745345263754,2.6912942968821363,3.570102631889829
11883,3.324829951992789,2.570937645546664,3.37297535035644
11964,3.3428030575986747,7.616397050957953,8.60484504795627
11987,2.1991754650626643,3.5981735554058067,4.598163627306638
12049,1.847778714022548,4.735981727279621,5.580401019774421
12061,1.8126242018586012,2.749172640576732,3.3836976340409586
12064,1.618501066467788,3.104744639864012,3.704553621473268
12120,1.585633211288184,3.039377249514956,3.575141890107055
12143,1.593944302283351,2.973637923775584,3.407265744826676
12169,1.71119969740641,2.5434503795965537,3.543450379465777
1218,3.1438896073870266,2.9784403857361457,3.978440384943783
12180,2.111837192258064,4.484076497760089,5.445084571308978
1221,2.517561226256091,5.275906930069769,5.631840486757469
12270,2.493860820191121,5.834688568852272,6.829647849673355
1230,2.273532898797244,6.409359381659344,6.869025212289967
12323,1.8944622006360787,2.5742242847132504,3.3900367336490493
12337,2.33276256352594,3.869666632078721,4.3003734371692
12361,3.241870107495552,10.04541060439655,11.045410591657902
1239,3.3581399414276705,5.29756852909847,6.042389516877488
12405,1.792081904796904,4.3190095564866775,5.227459312684646
12407,2.298710016990282,3.2468346199050195,3.8404236129409854
12433,2.609279351446096,6.573563370683191,7.573563370682836
12435,1.738442185279711,3.312196738015143,4.312195365845011
125,2.0060600531933086,4.259420407488637,5.186184990627291
12501,5.316163637190787,6.180023680551176,6.772492745901857
12509,5.326975762958026,20.086620105260373,21.08662004934839
12538,3.937001623800772,6.21457655014763,7.214576549038275
12566,3.509207167361966,7.305047905543717,7.734212422770156
12601,3.3416370880728694,9.165508692631422,10.115379073688596
12610,2.9229315226192027,4.595044690009715,5.523900456524568
12633,4.841066466011303,2.713949809569951,3.713885459470797
12638,5.434643893682604,11.361528759355911,12.329879364975872
12645,2.453090522727604,4.684693491196931,5.042801279884577
1268,1.735567144411538,3.280039911648227,4.075102261034094
12701,3.0638079782297694,2.934915160859981,3.934913327638591
12782,4.140343824697303,8.129860289823124,8.634230334181634
12815,12.451627394713926,27.7400395855181,28.740039585333072
12874,2.277923046888777,4.933341450300475,5.765548307377315
12894,1.940071547984879,3.3077869556595285,3.8805851045794695
12898,1.9869802213210412,6.125098633748156,6.752535786675418
12906,2.4261555112687208,6.475639377169407,7.36167746215945
12955,5.188225992974059,16.92937717240856,17.92937665961581
1297,7.3650721387638525,13.211164666433053,14.21112923847691
12999,1.7575137697586851,3.534573509653303,4.195370783086061
13020,2.118062035474828,4.352769941263712,5.096715025556996
13171,3.466829847124952,4.019877442457591,4.59692196552102
13174,1.717874419018105,5.471497342300426,6.359363654676716
13193,1.718321045168143,3.288570209018759,4.086676619670783
1321,2.167287448857504,2.9291775362289285,3.6381974076887458
13226,1.8818715372923591,3.1190204002825164,3.789457935712464
13325,1.9747583783514573,3.6259049039148272,4.409674198054594
13345,1.7167066678735787,3.8324072869420895,4.504851658572588
13442,2.7719917503061238,4.453803307962418,5.453803250610132
13448,5.2696762953388365,6.475816909443429,7.298393266445297
13546,2.278059594533409,3.972452065742128,4.863275224030369
13587,1.8874386698083323,5.988880815155285,6.970400859604784
1368,6.334092579754467,13.046548668857332,14.046548668857035
13692,2.371309526781443,3.719776106379133,4.7197619078332895
13711,1.7765255235779462,2.808787692032419,3.580744725540942
13736,2.506786376105566,3.112945962093591,3.5550960822701967
13743,2.8478067569872065,5.558197983724971,5.929091755027136
13756,5.687673887017014,11.385646588004258,12.384726989013547
13764,4.620626221248449,9.56442570153493,10.156331254409858
13765,7.495168303039114,12.060559658726902,13.05772055918256
13839,1.777192813540402,3.22730620572338,4.165458515805803
13873,6.446981621180355,14.90587680262504,15.891757948461276
13921,3.017396896882074,2.817421626610095,3.81688083321336
13938,2.8612840443923373,3.0122998146645155,3.660614043232724
1395,1.9831365012176332,4.4662263448985104,5.318214304429728
13950,2.813876760339317,9.531312453745192,10.531255029424766
14011,2.988307674228889,6.957397052505405,7.954409437065648
14013,1.6246050886046275,2.6480877005212813,3.648084799662817
14071,1.929868002879608,4.178944725990305,5.022227096036201
14088,1.8703545128721184,3.273526158972665,4.258092847309047
14108,1.6881329742596434,4.144269906434576,4.757576783210972
14171,4.954294500355919,6.822775673158476,7.227389410721548
1419,2.901242829771701,7.6856618899452895,8.669701690615014
14377,7.054418157239197,8.816390395447623,9.816390320765892
14387,1.9223694926302612,3.372609608148072,4.268392683568293
14476,3.6368029734530376,7.77786258021737,8.777862014559046
14516,2.010036458789229,4.533850532209483,5.047324537860946
14520,1.914802414429332,3.300756050041051,3.800878757691235
14575,2.640856010800227,4.947509121654369,5.72873383583611
14584,8.571391619704709,17.71049097782106,18.71049087537081
1465,2.184826726312202,3.1116342639679564,3.64975412908256
14653,4.590487033952463,3.363575638161956,3.868714189044572
14680,3.622157160977358,6.023898357137982,6.354547104834019
14687,3.36399196017704,5.331799456001355,6.255759125289989
14734,3.521121680725342,10.215700295822115,11.211606087742362
14770,2.071505638097145,6.217632713322728,6.767577850845084
14787,3.1341453280404203,9.985921994878977,10.312078840091798
14865,1.7345812333339057,3.069496568218767,3.9916726442873065
14886,2.0169007657078635,3.782005018682212,4.169796248119231
149,2.545553289894763,3.326742254642234,3.789888358388747
1495,2.329049883217587,5.03303208015548,5.415792871690338
14992,2.9524828430395567,3.3329186271747098,4.332917902739421
14999,2.976593946908179,6.123581380145476,7.123581279735435
15014,1.914958954350968,4.943590277568535,5.93337598778196
15054,2.378538401804619,5.501711291783537,6.030832474752236
15071,2.4093654509415727,5.483086198052661,6.365736011767016
15081,5.5422697263995016,7.297935249115144,7.988460102526108
15115,4.983085507507503,4.43884521217237,5.383950027565392
15149,2.014234590865043,4.463506894978265,5.390611422550702
15302,1.8250413346497845,5.5096196519664105,6.084538398687657
15334,1.7645600173348812,6.0548234566373935,6.790353729830136
15340,1.6638891362259882,4.351859117402577,5.0698561557684805
15349,2.4888692427484163,4.231340519363114,5.090158521115488
15365,2.598042413773436,5.916485605810755,6.894159510699827
15367,1.9884128398737435,2.792749120673408,3.382234611117084
15379,2.303148350886765,4.7643790654309335,5.468548985632436
15390,4.054655036833744,12.510983776806029,13.510983776558769
15392,2.582833042610745,5.609414812858904,6.535162133101678
15424,2.071710972937071,6.3898193975567645,7.381658505808334
15446,2.9818814926577635,3.661369939625001,4.661348888349936
15537,3.5048706934628404,5.60597029518853,6.439874339123059
15581,1.8678997636752463,2.874623377654713,3.451467977503933
15588,1.829987543670196,3.457128866874352,4.374173995133917
15604,2.285817521220499,3.298081155541164,3.819327188521516
15628,2.905271129684268,3.8704595512244593,4.859051519042575
15641,1.9425605715202852,4.056179406376232,5.037226715326461
15659,6.2739888680813385,10.277992168585584,11.277992168368437
15672,1.6540577507715524,2.766490670980471,3.5583304864735856
15673,8.812909988313235,22.70540687843779,23.52162391548117
15727,2.3982565830149443,2.6282513713696383,3.4241448582333094
15728,3.4193183793180424,4.387794708470489,5.387794708067456
15745,2.0779918935588677,3.94711561731339,4.480227102280727
15759,2.906452173050808,5.333588406746582,5.745255665754648
15763,5.634689111494661,11.994349772667515,12.603322191950038
1579,1.6890534903220982,3.840545897788001,4.415600688822547
15881,2.236003050089621,6.0368672441522095,6.576905031982476
15904,2.213624027019212,3.3183530420116267,4.318299784664692
15943,3.232551695386455,6.573541829689887,7.55995988933721
1595,6.24739731928749,8.17099163551306,9.17075925459798
1596,1.7536720013521891,3.5046652158056384,4.127248179044294
1599,2.685957188652416,5.245281103112267,5.7054727606686
15993,1.7619138199036324,3.40959796351514,4.184925296541254
15997,3.726507096000645,7.770266281474188,8.318984739884272
16106,1.7401352158529355,2.8209344903134195,3.304059870973465
16113,3.22877129271482,4.770704858343754,5.533136834516655
16145,3.691808115127187,12.257615432031578,13.209024020235624
1615,5.163286792949047,12.11069100619197,12.594673950664546
16165,2.1096881575984816,6.760461633774844,7.741717273385163
16259,2.401605174064343,10.098279117076148,11.098277935226388
16270,1.8602922902137475,2.840813230302929,3.3839565328247025
16310,2.717580324357844,5.036401240782129,5.954630265161359
16339,4.213018486362972,3.256998894115469,3.760769253341623
16383,2.639943197972383,3.9696761571717727,4.969566963473433
16423,1.5981765461449544,4.873696462570645,5.7837956621271855
16445,1.7674645467018637,4.413459823075581,4.799101962354689
16485,12.306382458572248,26.09549254553557,27.07787944226733
16582,2.0623544512781677,2.6188280682095098,3.281330051097082
16588,2.344556584075841,4.756431376823503,5.081913206724914
16603,3.248167110998176,5.929790429209236,6.445424125581576
16612,1.621292071052452,5.409772082017477,6.203030598011641
16614,2.820387261686105,4.055780484021244,5.038012924309808
16639,2.2552960664352804,6.377240405576087,6.915317383266079
16689,2.5688919363108864,2.5633439297516545,3.393626056537516
16704,2.63713098521246,6.041389437018918,6.900151509797829
16765,3.4024201799750693,8.981530028866837,9.973318566109988
16777,1.6389744777589168,2.6648054179430223,3.3259564274182005
168,1.6933685149599114,2.749706288882579,3.506788629790016
16801,16.856506964120936,23.252377322544422,24.252373978679632
16956,5.046986591844867,10.132412866503316,10.931379630689744
17008,1.7866042718462072,3.170289491602816,4.170289436566224
17071,2.6223529584515077,4.1915988925018,4.9042316903631775
17124,12.150836073309796,15.122957068456907,16.122957060729934
17125,3.481411688598066,6.474802619027059,7.474800910672172
17169,2.095570705189215,4.356156684785544,5.26364315362007
17174,1.6640552789336844,3.088126736058794,3.7004992957926808
17200,2.456914199950887,4.006355735809113,5.00635571633537
1730,3.902353923326964,8.174846302345118,8.542631561117382
1733,3.950600309578405,5.801552835067722,6.379982291887113
17347,4.522284150033263,7.873399009023952,8.674914692573514
17373,3.458662523082251,5.214336827321914,6.214324895408646
1741,2.7723337502733205,4.419711123323899,5.211375618522903
17445,1.7521728181834628,2.60197156995799,3.601775667918057
17448,9.8557489903476,29.438182538469903,30.43816300842676
17481,1.7275412005390565,3.001533314536223,3.3811528266063307
17509,1.9872369902920892,4.452763357350474,5.287908894634138
17575,1.649268410849947,2.88164521391498,3.5828262899417385
17589,2.93018691295478,7.510517908250252,8.137054356011413
17601,5.938208477624085,6.541452144912716,7.165319101348161
17614,1.9428346711550015,4.412279908229588,5.305115553390166
17625,3.427246759117862,11.197294422803234,11.684916038934444
17642,1.646350728604962,3.698919964290973,4.284478435385008
17652,4.3044363875302265,3.918448049492039,4.7684565288465945
1776,1.690193706667699,2.976435037686316,3.816485862147585
17773,1.772668950165338,4.29826826424199,4.646744058369817
17888,2.479993462665293,5.774722259083882,6.718757891426639
17889,1.6928186439920805,4.990448134352674,5.830179919864278
1796,1.9192053773547453,2.7327187799418327,3.359018305399755
17967,3.2497882609587148,5.312000004527176,5.9869012224112845
17990,2.5717394227054617,3.2325655415816037,3.7418944660466495
17994,2.5874241846713804,7.780224836401394,8.62153043496752
18001,2.277514225446384,4.351061331074285,4.809051167808313
18004,2.0776977996662853,5.093909890864016,5.699431874984536
1803,2.1414830317364504,2.7016852439377605,3.515883291723779
18106,3.385277518169934,4.9082153783132645,5.300852867877039
18211,1.9080725084046923,8.337412821730434,9.335332501508356
18230,1.810392546087827,2.827642964161732,3.827642386092605
1824,3.35652626083373,2.838139427309152,3.6609773149787888
18269,1.715872495798028,3.271132824501423,3.825949448000394
18279,1.7127453691996668,2.6877698936984107,3.54434121728053
18294,3.258433010429406,5.911207734030963,6.817774374592647
1830,1.6356168013164576,3.108367024416475,3.994847198597728
1831,2.2324404081288,4.543538154885059,4.950500474465254
18319,2.931930384819085,5.08533039335568,6.083860411819664
18357,1.7340746084081005,3.380948597462016,4.3366986609909794
18380,1.797430595930275,3.676710414278684,4.120585216089094
18393,2.188988727901788,3.844444547133575,4.49146968240349
18450,5.662839481788135,16.005812154413753,17.005810578268203
18457,1.7532941728474982,3.611556769106929,4.515205910866409
18471,1.8656841895708405,3.596822674758322,4.317615638810517
18482,1.59372782335412,3.7855087538937697,4.5750003324312045
18485,1.7508354466634002,3.1017236584305308,4.101722689540374
18556,1.829501131612228,3.321482156370024,4.2393109709139685
18583,4.168582520627421,3.062568868573889,3.5889359717142333
18703,2.0789084630016443,2.972944321293264,3.547570617016955
18708,2.094149173342988,2.78631855486885,3.622793384689318
18785,1.9446203503821795,2.8647099909444984,3.334237839639184
18843,3.641363123119445,9.14714205202655,9.729135424134128
18909,2.4874872315165035,7.399790937283561,7.84485972350711
18932,2.184480583517841,4.290348622107345,5.290347845322197
18940,2.02863531180478,4.885235195398074,5.786608458892763
18995,1.5968791966725688,3.168746890406018,3.686156786531136
19064,1.585311497554383,4.1086805618452775,5.1086805614493445
19120,3.098486516417851,6.844145887002778,7.820420807181941
19131,5.686772822165905,11.445741146364387,12.032412117178692
19134,2.3215462114721244,4.744382722748148,5.715133972955209
19137,1.6865818311904683,3.294253440114842,4.175540954524692
19155,3.263190310739419,8.811057060208464,9.505438941954685
19229,2.051287016098706,3.2922343513054164,4.292234339399238
19230,3.5708813682081053,3.150181074026649,4.129401735268312
19256,3.041972146896273,4.748910496147624,5.286722932200209
19263,6.446711208010185,7.931686717955919,8.931582326869819
19328,1.896634527410354,5.491034977347888,6.119109019009348
19363,6.588837313475235,10.980097186275074,11.504428660442937
19392,2.5816286110360807,4.993514008290784,5.564240070155187
19412,2.16120566291639,4.066285296957562,4.896062691059432
19466,1.8058325201104748,2.871956517509283,3.871956517268567
19474,1.8965762416091163,3.405029905085413,3.9303768455342754
1950,4.00316911482454,12.614109557942898,13.614109298456636
19514,1.9205000958191725,3.4481870892361304,4.269231809360783
19529,4.081209427495262,4.032825725384571,5.032825564382098
19626,6.420695991614163,16.664551749981435,17.640253325412647
1963,1.80955159937904,5.069121349455341,5.919439810594936
19635,3.481866680831516,5.3260716200615335,6.326071620040306
19656,2.8038563825883727,4.49619793066264,5.4931655958544585
19675,3.0555768889819555,3.661546520331588,4.382894368604658
19681,2.1326958439185923,5.233068643312707,6.225412057534365
19696,2.8033066871635706,8.961263993588553,9.838321980132813
19740,3.842621796179088,8.023815775363362,9.023815673613498
19772,1.7877077191558182,4.000887972367299,4.550719244771059
198,1.7007839345328584,4.165238069940645,4.739631388539734
1980,2.365383225637163,4.014962848727789,4.57665140332261
19802,1.947017812479968,4.9744976739527065,5.790749079195131
19822,2.430039306576113,5.365409082184375,6.064138106054958
1988,2.351752267508971,4.096478246800289,4.899731791410495
19901,3.5955296969637947,4.4988417545162624,5.492069526102648
19948,2.021779439108868,3.3786980207656123,3.9118288442258886
20005,3.0010955720129533,2.9264491072421634,3.5245579136928
2007,1.8330927317542771,3.3433861633419486,4.163943523167218
20075,1.686843547683054,5.007844283672256,5.826318887869952
20090,1.8653898104361308,3.904369069524339,4.904073798772823
20102,1.5755352581940714,3.751421684902784,4.241889389057456
20130,1.6518159620099204,3.3198614295603024,3.909992382742802
20132,3.8657389774833537,6.13996568944262,7.13967337262488
20145,4.881070580561722,14.624117874695258,15.587741041859
20158,3.0440929652968123,3.6877246524778,4.508427215338882
20169,1.863977124690316,4.964688045776533,5.4397900861974495
2019,2.1343029981168207,7.7988630699661154,8.79885440961558
20232,2.0102985276312557,3.5350508037073243,4.43922736135791
20236,2.2972749946717816,5.077465142599198,5.4235300326666565
20273,2.022695970178201,2.8491040364112363,3.4833585943045544
20286,2.063160055153298,3.298106534370695,4.147917544419244
20303,2.666027037719627,4.023055924700725,4.575595767277733
20447,2.4599433566621034,2.8866074526374423,3.411706217620024
20505,2.106332074030646,4.961873334352924,5.329193379366783
20529,1.7554745814549335,3.2933146271498885,4.292458466725373
2053,2.039217453136763,2.532554598426607,3.403803321575781
20564,2.068242576774088,5.191838034908072,5.651758272598071
20583,3.228215018277923,10.163055318453496,10.992946657028822
20600,2.8557991496600263,2.6077559188759825,3.607755918794037
20710,4.076215129374148,7.2846057246959806,8.281479724782173
20729,2.8069396868712624,4.223266144036511,4.8672402854904
2073,1.823378384435091,2.6200591919048377,3.4376142286089277
2077,10.940605860012784,16.59944535375436,17.59942259648388
20775,2.1521453649767848,2.8275882419378866,3.82758823210998
20805,1.840536025981793,2.95852240718789,3.804594144385412
20880,3.878640847956031,9.340674616322294,10.092531094472982
2091,2.494535256953419,7.382340780069877,8.382340421459382
20985,4.141767201479866,10.9474195905161,11.938249561046884
20997,7.992428437294898,14.423347348511715,15.378650318801736
21006,1.8658652857371605,3.3906528670217675,3.7816055679222784
21012,1.8616841325816744,4.470732147075664,5.469341905912698
21084,2.4443264821311828,4.193336082448935,5.059441151561959
21089,2.1940244333446937,3.6045566749592153,4.2498451842730365
21106,2.8029805565068298,7.070721481311767,8.005608140244561
21270,1.9217280852941063,5.615655091262649,6.567476855344951
21295,2.347991028986783,4.158579495517721,4.698684607170166
21298,1.8001986591513046,4.324870122511302,4.733421109530217
21300,1.8418973476440963,4.967505802957511,5.853304269265418
21320,1.893550507612922,4.589801761738495,5.552838428451264
21327,1.7104156856588375,3.460168058106297,4.1306026448784845
21341,2.49079075468334,4.680836983665027,5.046003210546348
21415,1.8787097274983,5.920874662604701,6.920612952723797
21453,1.8592813200189688,3.440302220773483,4.001734760063022
21503,9.18882277841321,24.72130403160921,25.721304031605648
21537,2.0422085972138277,5.004274536317173,5.847262435351925
21586,5.134495172971118,3.844843908622004,4.837446012232038
21630,3.282384321426906,3.485036587863031,4.191059559801156
21703,1.8627225907530216,2.8924136887448166,3.584247308774619
21779,3.0799834298677147,4.114845404050203,4.990627733289625
21796,2.3618299281303914,2.8644769587158527,3.864476531133725
21833,2.1133414378402806,5.403704160445934,6.403695501493763
21855,1.7033883388752522,5.0501676498544645,5.803520515692445
21897,3.564936905753355,8.69213709841603,9.676392216464976
219,3.5993018283533247,6.426892769807879,7.426889502346717
21905,5.340493593730159,9.57835218639216,10.570950246814192
21951,1.7047401337754249,3.0805821415108308,3.665578641633822
21978,2.052044324588417,2.531706244618593,3.4019841081257907
22013,2.040249228553281,3.724450202112204,4.0677483409474124
22036,5.648376038752878,17.675953473818733,18.67595347050185
2211,2.372511840045612,3.115637474606944,3.9555481672090407
22114,2.611083437378363,2.9240833608975967,3.5418850594896654
22144,2.5635470088363537,6.72433281434905,7.694438354188838
22159,2.1984852013017915,4.312314276817424,4.860572161524016
2217,1.6657942303678306,5.03018141853102,6.029841866832967
22181,5.739002004315965,9.974964570828137,10.974963944510794
22264,4.413466582811489,3.5447569839842785,4.291372184647783
22308,7.560534965501571,16.2729750593495,17.242442875476662
22369,4.0355722159201015,4.348905012582809,5.175257115222864
22387,1.5890913411456613,3.148361091934284,3.6400722888281902
22392,1.8050340646222132,2.881635269682767,3.714059935211073
22418,2.7490053434708206,4.25768997365273,5.2551968355062
22437,2.359841827847594,4.788361218670699,5.501544018543211
22538,2.004870572653393,2.851396326753699,3.7121464113459455
2254,2.2024941667754314,3.78820723203936,4.10887359975265
22558,2.5668045550450023,6.374758947061738,7.374756344530882
22563,2.482952081225966,4.717967697731603,5.327066170390275
22600,4.603438719437388,7.997477511764936,8.997477494008535
22653,1.9089435191605195,3.237676713536682,4.2376693345325
22679,8.613521416241563,15.578890737364324,16.469237200569303
22738,2.554538981582607,5.529927732399545,6.138272525750373
22765,3.389054790300113,6.382303011883422,7.382288016466274
22782,3.2518329616461705,3.7332116743661743,4.293380002951899
22816,3.4102478799258957,2.989622481458817,3.4696329851957586
22821,2.3235801790722834,3.271856719139871,4.271856582269713
22849,2.621844526346348,2.7192442814182654,3.337991825213664
22948,2.075499755613941,4.536204571506191,5.385995350891148
22995,1.79490518311182,3.43005364240934,3.962639954980972
23060,1.72530905324357,3.2562446656036887,3.947553625489316
23093,3.8002943707099583,3.98811017209555,4.988110172032725
23124,4.092720572452484,2.9147237653002254,3.471678032269588
23140,1.9200317461242304,7.391803794227489,7.894800929642033
23149,1.7502576115496895,4.337636845380416,5.32739062104809
23161,2.524344051327153,2.952910253300618,3.328174610368788
23165,2.0858328241146,4.223562099411721,5.031014360716893
23178,3.67261669502439,9.861134150466624,10.828547892601575
23220,1.949463231840572,4.039300746359241,4.64700283619648
23327,5.991167777710191,12.061730172500368,13.057432916917142
23328,2.5732384710118623,7.437348879559318,8.436208434109016
23351,2.400291846408498,5.180446834618212,6.180432692754951
23375,2.2791527851194027,3.673921639451479,4.288004195381094
23408,1.6076613022726045,4.524070627041779,5.012844973428297
23433,1.972387639047897,5.015978079452966,5.861822030532739
23444,1.6047764270376126,3.4170960314576573,4.417096013877125
23447,2.728667469246242,6.710718372092801,7.599774274108927
23488,1.743684344235516,3.5891570668709347,4.05236905554922
23586,2.580921157035227,7.563640952348312,8.558017994573127
23638,4.546338415196559,6.338580975287987,7.118313248308311
23641,1.9399871182534263,3.362689389692653,4.348140520467048
23647,3.773496357174793,10.688000478574796,11.046794553877538
23669,3.4354816990361203,8.637762169693515,9.637195760293856
23702,2.323431302881029,8.965972967132595,9.356096472380528
23736,1.7294884844986127,4.046438028118081,4.909368552195158
23737,5.014879739033707,4.231466118318783,5.231466111419729
2375,2.713399750533865,7.39443841867129,8.393539505869313
23771,6.298140125785105,10.614530822616931,11.614527226458014
2382,1.6492985895366543,3.690009123400638,4.199367468673451
23831,2.003674223693311,4.793115934690627,5.711218238128165
23832,1.6084649138044116,3.3527903958046377,4.078160649709396
23927,5.221049896780619,6.21611857511627,6.732631654098449
2395,3.191037077397416,5.869528143854816,6.86118927648552
23969,7.565015715712344,9.893328339189129,10.721704341826714
2397,3.052574149442623,5.690354964730305,6.593496452010821
23997,2.789007142546988,3.420392278524376,3.9353644349585695
24081,3.0832180838742977,3.725010135918845,4.663650542297593
24174,1.747278388811112,3.499806298017681,4.220772516375314
24184,1.908222080547531,4.527361833537585,5.52704612662086
24220,1.657686996144808,3.465947596217178,4.226451669345052
24235,1.618624327260701,2.994699620771314,3.6204961309725614
24289,1.6248249081984327,3.764518904002204,4.605777831799612
24312,1.725859821154455,3.194472335222595,3.59915102906848
24334,1.660998432744052,3.994794343783961,4.634950391240777
24348,5.046644397040327,11.57782273081436,12.441756567494334
24363,3.3212654084238977,7.841439371326883,8.84140156498463
24403,1.821773214103966,3.4803688073430648,3.825215095126818
24449,1.596798884348568,3.3259368878274724,4.176717814738232
24492,3.290726011370036,6.327513900840147,6.883341284501973
24512,2.3539106485872243,5.896044505144677,6.754282459809737
24562,2.21969626384626,5.056330953310337,5.6827847267295
24609,2.3080641157533197,4.408158931288391,4.974203251416987
2464,2.065496937857231,3.681573541546906,4.681572859743909
24665,2.116386455658172,4.972586308656396,5.890094552278214
24670,2.3631555279744934,3.4478090103524117,3.894485506500067
24702,2.9202686383096275,7.3469545461282575,8.346953358154249
24800,2.192744782484385,5.45555428570166,6.447605649427411
24858,1.6157861749379725,4.698412582247799,5.493080429630506
24867,1.7907395937898851,3.2278221723291574,4.1229859560457065
24877,2.046640946266083,3.334215857457334,3.955279555273676
24933,2.255927441257746,3.9873643373848378,4.40356157621192
24982,1.844773096043967,4.041053071394848,4.833804621586124
25017,3.1424468504005256,3.45739587394637,4.067277407229172
25033,1.729355625266798,3.346803574850917,3.9746211460293344
2507,2.7846901846872885,5.416608829718088,6.395270691713313
25095,1.6599250081334085,3.0843681249151387,3.5497316211413805
25120,3.215002350610209,8.882718132762815,9.882584028463796
25136,3.484791380034314,6.825685979359345,7.729009229895626
25204,3.716139172096761,4.740168789861321,5.694921737107461
25213,1.6366449303304016,2.852113630589206,3.746195382476735
25219,1.980154278811675,4.758560193936579,5.502330619241921
25257,2.456897436829108,5.690408219155331,6.505853120192863
25266,1.686192013955214,3.255832335402306,3.917947737309365
25303,8.942962588173593,18.17134136615204,19.057231089951237
25310,1.8284093628510685,5.215329786787137,5.926916215217669
2535,2.158590788664581,3.132816921848021,3.693004357381185
25379,2.1180933692314765,3.749522179477556,4.1094728321278815
25406,2.7299172133771727,5.216291821001456,5.921254443835224
25436,3.366803227833856,2.9558617473586546,3.781940424437233
25457,5.528839350473328,14.136399008143696,14.691650022625495
25463,2.042616543873443,4.067291843592982,5.041861770962187
25587,2.056920930308084,3.1933977250931007,4.047749937509186
25592,2.585236867775857,4.194393517762134,4.680305573873637
25597,1.638769345064057,3.7647324205361015,4.578550184550798
2564,2.907773975762001,6.357831389590015,7.1376647157605975
25688,3.135092197189917,9.702267138287802,10.70225440546224
25755,2.0963808863773234,3.21784825390187,3.7847682593837497
25773,2.4155999201820006,5.432863341281013,5.9244406956041
25777,1.587604448170946,3.1874461840484343,3.5105727705785044
25831,1.7195218778536938,3.5858058893783515,4.250762230380169
25834,2.5893522744350657,6.27588089422504,7.275880889053937
25844,2.4781427874401283,5.879106222050139,6.879012419537126
25850,1.6528916127459257,3.3139685743821627,3.8127029928409
25876,2.5377149006740707,3.2152915380885427,3.7025646582730953
25899,1.6326577030489973,5.117706297401871,6.030934546411165
25975,1.5779183881811245,2.568684901349432,3.50972173633333
26021,6.655449748071222,16.957744671136098,17.922326285950067
26031,1.7298976962776749,3.2463696791019965,4.056149117620942
26085,2.435773198853183,2.72069991531574,3.720698759252308
2612,4.152896629049748,8.879828765821253,9.87891015280388
26145,4.111368272726063,11.901938091928162,12.88573599117674
26226,2.788838253403353,6.3777682325349,7.377647629620916
26237,2.1553442068248896,3.666003731324623,4.044445257552175
26238,2.9097888303014825,6.62700412216422,7.627004088327463
26241,1.5975243835248505,3.821003750455072,4.728612499811556
26325,1.8905438376228136,4.088400307823576,5.088400307822663
26335,1.758235797914584,4.872807040787031,5.868572499644958
26397,1.8420339501754663,4.52382930698609,5.215991800060154
26408,1.6918807219879486,5.237979485947615,5.795219371833246
26532,1.8868371109014133,3.042480107472769,4.04248010747156
2659,2.9482486337107834,5.138630264421105,6.036228332072466
26650,1.8991628332772577,4.995036075219979,5.932278228395214
26681,3.214495383686581,5.831841477426205,6.196092454836093
26702,2.409714397796336,5.723577388810907,6.571620691440177
26803,6.554761797993053,13.321330729221314,14.32132397591402
26811,1.5755473680423269,3.672923109804157,4.672921323280678
26869,3.745636280931568,3.175055592547326,3.6989133417502873
26935,2.639111089392917,5.957240048114773,6.9286139874399
26956,1.7882394047157717,3.2910980509420305,4.291095421234091
26961,2.016033064287986,3.327555357697437,3.686984411812752
27047,1.9380338856553787,4.959847268268306,5.739160157502865
2708,2.7063369607707424,6.163139443681362,7.1605461851015
2719,2.058629067423971,2.8667883479285075,3.464368148970705
27210,2.0567415121970107,3.70418427486635,4.702131167959823
2723,11.309024096118913,10.574886981911568,11.574886894568367
27264,3.719947058135253,4.171721091608799,4.552453747250958
27290,3.782101694049105,3.0838694233622785,4.079551601728209
27319,1.649446725788092,4.1044151833786575,5.104415093006496
27322,3.075328682730477,8.472707485672235,9.185225946450611
2733,2.3991832156342,3.5399794301188976,4.215342073528827
27331,1.830183216454326,3.3579054743793475,4.357905402496167
27337,1.612233159458151,2.992882659947849,3.392612729442779
27344,4.226552017146293,10.442517392749542,11.186844825053235
27390,2.3479121574923183,3.669439663504592,4.349108083376911
27423,3.5613139377956204,10.39139690590888,11.30847490455714
27447,1.6183794606296291,3.1363963865153286,4.1119746966229815
27601,1.6112075158267047,3.41520920547932,4.1918905091900776
27630,2.2808986979368404,5.148494920162305,5.540108781409181
27680,4.070570198168672,12.297242739243712,13.200918543419789
27734,1.7702323589600546,7.343949992460762,8.3438599568226
2783,1.9705398831055825,3.26167741678364,3.9653406204523023
2787,4.84579020717477,8.93286049432967,9.929087370265885
27896,3.920311201032538,6.220277858551,6.5926179603157
27900,1.9689264836036344,3.821884078880973,4.80608093925405
27902,1.7070933839760043,3.91238718894992,4.709620015215135
27949,3.2189754884234034,5.350054239052971,6.278071104685912
27993,2.3507371740413547,2.8354492170385925,3.329624014207891
28017,2.726777456723284,5.310739094640036,6.026555641326892
28029,1.9654692545964805,5.524712185954417,5.9849669462977175
28054,2.6718175685212957,4.03769792245497,4.745922947006754
28087,1.6260506424610202,2.768742018710313,3.659810907989278
2833,1.6125473527048817,3.114185299689244,4.010294330293875
28346,2.0760213475438007,5.944274418978851,6.651436106728487
28369,3.5211777469534145,5.417170736640366,6.299797836335373
2837,1.9240645005502763,3.2219186844689767,3.7206683249945183
28412,3.8750888870353606,9.570065910193152,10.397306020201496
28413,3.311865554605996,7.040035756441275,7.976820934235793
28429,3.2971616418400376,5.8977798738693314,6.836697864807937
28496,3.8471187762891623,7.079037217914855,8.000291875876531
28526,1.9788343647495343,6.228974556973805,7.228504991422889
28528,1.7371052917723262,5.684904846088399,6.684903777320725
28547,3.0812027944733584,5.1241569828961016,6.123233484908666
28562,2.761293311532215,9.34779982950769,10.347797032476048
2859,2.045968538616175,8.6791311605214,9.679131042184403
28639,5.165102246927947,5.515765452291331,6.505649652706145
28773,1.6298299194824224,4.949443638372649,5.412109272596461
28867,1.580981925788136,4.972980875927954,5.908454307978666
28909,1.7840882986253146,2.866388071005193,3.866338084299629
28920,2.705233127433734,6.664027956766213,7.465127453303229
28926,1.6051060373058843,3.574161084734841,4.255519144132787
28934,2.5087286786206144,7.840748507149783,8.734982190170925
28984,2.3369861887675283,2.955906076844297,3.7900383813253
28993,2.725391574041294,3.179466674777605,4.136383018814556
29029,2.7835695498468502,8.916412043550274,9.91640827983195
29058,3.252417711120399,4.736890521208139,5.143450344681998
29096,2.5072393780078084,5.648402464323479,6.010532889507903
29097,4.687140090462288,5.920740255514194,6.527610771258948
29112,2.000450267244813,5.012669244492295,5.6633231177076695
29123,2.182314689257462,3.2078793927699194,3.571020403918224
29279,3.812790428416877,7.860291947570466,8.706072293318098
29295,2.60927231667794,5.55981959024667,6.224013130442648
29348,2.353159484686823,3.4316416594938577,4.431641610368064
29361,3.49509566683034,3.90517135355891,4.266887498066112
29362,3.9124565608018056,10.232283562509014,11.090065717373758
29368,5.076422055806083,5.23905351356719,6.2390522614820085
29369,2.762179617083921,4.481400754529433,5.48083878873286
29374,3.410811554549796,12.621433258173187,13.621340973622583
29423,3.8713108239889777,4.13202247780202,5.012776557238027
29480,4.756235932839905,6.827491700379976,7.827487044178312
29525,1.5811430852714805,3.0967015761418755,3.931782954601574
29605,2.8590013740553064,7.266023441190875,8.210219738890466
29662,3.605304591057919,9.187978057773298,9.551710093525308
29728,2.399467451283986,7.456460387724682,8.38435032542888
29750,1.7219755346625056,5.336155742828389,6.040411218119723
2976,3.0224473903352798,6.9495623406244285,7.949533674912381
29786,2.746637366549104,4.506834599187546,5.099825978993473
29889,2.510266702361711,2.585114710824703,3.5851147104168235
29926,1.949755026261216,3.273219685681916,4.180755519134824
29942,4.893060198840607,9.181826379805212,10.181731594069335
29948,1.68900850011407,4.075955037300648,5.074750476937184
29959,4.06607709270675,10.382139139508553,11.382139139409006
29989,4.007165245178856,7.914225900245509,8.546733639779378
30005,2.848950509771678,4.334054248033206,5.06333329798009
30011,3.484516018364992,8.52770944353151,9.5229945980308
30033,2.7929072657727536,8.231387683783426,9.03776780459762
30042,2.4642193245713835,8.310088597798103,9.309886273199574
30044,2.3487259158711447,2.902119160738128,3.785606243525024
30085,4.217325544394393,5.544741457351866,6.448357574445503
30091,5.765821204799096,15.407783496742248,16.407781075908368
30174,2.236188562007408,4.8316996001606,5.677800054664886
30197,1.8369240550120225,5.996851171241794,6.996851109485991
30206,1.6926372906743985,3.2980392172253192,3.789653682986901
30215,1.8785578565585277,3.7870559706396096,4.787025629892914
30238,2.354275898579394,3.2081795503819293,4.091427842215817
30253,1.7648024213107545,3.2284753707946474,3.7628890739706176
30336,2.594754691802505,5.823031608151795,6.699402680496802
30345,1.6959580950305964,4.268326201515288,5.268316695602237
30388,2.043717736297484,3.9913796619293582,4.949716614907779
30449,1.9257584343021328,3.2396309751794394,4.139174398165918
30547,2.72485926983321,3.876882484454711,4.876459845122138
30595,2.900842783834636,7.291392758646621,8.18908093687428
306,2.7214399468884625,8.753791694752495,9.639335327707537
30628,2.755998370689801,5.563101875455907,6.484713234610451
30655,1.5767032560084533,2.564309234978076,3.562390309900393
30679,3.412609066496027,7.602075760599556,7.910660318671682
30705,4.263837236073829,6.458688501138817,7.458417629273013
30768,1.7744927930735388,4.447771172440532,4.808814254814315
30890,7.460893914472166,12.85048000027917,13.391584752321863
30975,2.1660150521561534,3.852503399499401,4.756032341274901
30976,1.6953153829150838,4.080029172083906,4.546490769168709
31068,2.104885388861656,4.100429935541412,4.955433435889174
31083,2.0345983591208543,3.4445626966229206,3.9579833829766855
31112,1.6119386439143484,4.921020480472697,5.677096053034817
31131,1.8437025893933656,2.741212657160881,3.3617129225393407
31147,2.154497990501544,5.232711636926095,6.08708688432724
31172,2.5891608846195906,5.530686227175572,6.53068572046768
31256,6.118422419072144,22.93378878980706,23.897946519480875
31259,3.859210024227824,5.195194437659606,6.195186314922841
31292,1.8549294042072415,4.082433471718136,5.065646050142687
31361,3.3457240365043024,9.04919303454874,10.049192598089665
31422,1.6481758648319236,5.160977988263392,6.160848035988858
31452,4.629868830367896,11.0673589653722,11.960112355742222
31459,2.072460114809837,5.0609717379426025,5.681330095055894
31466,3.2470593383219475,3.9860202802386495,4.657172765677865
31467,4.85812752522232,10.42247186194156,11.422471707118664
31470,2.4120226556488973,2.560880082891106,3.325703592934018
31492,2.768392306797732,6.400155624513754,7.398195400721518
31505,2.0075966128160463,3.6768960320366615,4.326595175639667
31516,2.032611004376903,2.577369939228058,3.577369937588749
31533,2.558224507896258,5.972663133228273,6.62638610721148
31568,2.706571103945352,3.2814812146703654,4.281481214287077
31614,5.461271945126658,18.88642133715759,19.886421334813907
31627,3.0009942782432137,2.730997119532052,3.613371635784066
31636,1.965001089607412,2.956949430781393,3.937940776196834
31644,2.070806143328789,4.967230132758026,5.452854133889842
31646,2.824151084781397,4.98789611863011,5.721522644240201
31702,2.8930841954035222,3.092825201811911,4.092825201788326
3173,2.029644457026423,6.308794755819016,6.706747532654456
3174,2.069625477472373,5.624033032658199,6.107617960427111
31785,4.003681986063873,7.188737032945259,7.804476283176697
31803,1.7292960773472672,3.6527016559690697,4.644283053012025
31809,2.1019742411922877,3.6446018502724167,4.251609255891436
31825,1.8210026345569572,4.124959699116065,4.972101187686368
31856,3.785184778984774,7.265008362534703,8.264675696468844
31886,1.639969895602284,2.877649543424224,3.3806272215476585
31951,2.0604110078563047,3.647039722869708,4.17536054831266
31958,2.545522867496792,5.450263650394787,6.334823753412176
32014,1.6359162400878855,4.386458658910233,5.088998252703774
32131,1.792470139829974,2.9138072280962084,3.502497102601652
3215,2.429545550414069,3.598698370280584,4.598698367037641
32174,1.6605790862879308,3.7401112142323583,4.499501300315589
32223,2.309052300190781,3.128417301038049,3.715355160305964
32291,1.695517306670444,3.395814300499445,4.197741996392854
32293,3.8163417342452126,4.559651891724342,5.0974940782230975
32307,1.928220412079344,2.755465436204629,3.3682113474701443
32316,1.7085646515232598,4.3564129699410366,5.193338225770322
32379,2.0347016032911323,2.8544058141780435,3.7389622203606248
32458,3.556809237860386,4.52332561122692,5.519157361262185
32474,2.1431043843670725,5.304640876665072,5.926171724887709
325,2.5397497668002558,3.6128500823082432,4.34293059266308
32721,3.017118070534433,3.0876531379838905,3.7025756222670823
32738,2.9919487051059908,9.232994025543976,10.144116409809426
32747,1.8420549228716496,5.6249630556269885,6.540088357531627
32748,4.706504479575127,11.10299349196272,12.090059882205912
32833,1.607205551911114,3.297375118737793,4.297372571591879
32857,4.120788558853551,10.038685740930344,10.829477844922614
32863,1.6882476406664664,3.2019723189918428,3.9212290144076873
3288,3.293428886592317,3.871714609427447,4.6678936962722455
32904,6.392804510345134,8.561010363489187,9.040661027424449
32944,4.303803151946494,14.381987375864371,15.381987359017252
32962,1.9977958698625304,5.6684320532345485,6.530070085946361
32967,1.8203485308573095,3.601384498943065,4.167198904769225
32991,2.41566737653222,2.9153254674942275,3.804001650057856
32997,2.2744190725453137,5.120680740402438,6.040363279255634
33014,2.0415737218138763,5.587282676164662,6.547764745871614
33042,2.442387675301398,3.824705111910449,4.550839201861985
33068,1.6819131411778847,3.243315616821528,4.102898635050404
33085,7.921519120764623,8.823963201672015,9.823830986425078
33101,2.137014139439082,4.208297966101841,4.849679325761748
33113,2.1636857014409423,5.246174060476658,5.94734673586885
33134,3.113528959102561,5.151810253082351,5.722368384118546
33163,1.701233454788203,4.04217223073149,4.801480430905744
33174,4.036752468528676,7.07422828361347,8.054330971383376
3318,1.8003914137808856,4.531013592974758,5.4080722945079165
33277,3.6469725281548815,2.954009435253968,3.9540067669837695
3328,1.7667455773177696,2.671354758186044,3.325819304784872
33358,2.296781448177861,2.807743114328485,3.265211666538863
33398,3.8607911040644622,5.025293469641359,5.849164054359252
33428,7.9271909780096035,6.047201158121972,7.047200016474329
33439,3.3579645495127184,4.649993953985327,5.070111566494536
335,2.22940603196649,6.387351882424299,7.226731944977297
3351,2.0339039648972443,2.585836389531008,3.336141838719508
33535,1.8262704172654565,3.526532509401441,3.8638126897424168
33564,4.473006069915921,10.611518081089988,11.371126567039932
3357,3.1015094743186524,5.235377619553353,6.121655660990894
33617,2.090893510146963,2.5778346598864563,3.5160497298145312
33677,2.926976592024873,6.6018818803917965,7.535648978024197
33718,6.41332127651078,15.767216032977284,16.629074821937806
33736,1.7590661418749585,5.711379966150248,6.160894927518309
33778,2.764761324956765,8.565400904841146,9.564881187698392
33801,1.6964849878095856,3.3120534878179004,3.8131522304608487
33814,5.065146042828144,12.050994908708878,12.711118754749451
33827,1.8578918426894389,2.6398701405995078,3.639582723141744
3383,2.072573731970842,5.760483762266315,6.760483757861199
33850,1.8648113446543684,2.705662928714806,3.6104201485739353
33888,2.3380186607583444,4.260064175314771,4.872750716689366
33899,4.569182470663025,7.420811144723672,7.845958109999143
33985,1.7416008782108463,3.513699785193813,4.087118490053072
33988,2.456324805229661,4.508503780834823,4.815183826227859
34042,5.035101253649482,7.692236752520231,8.67528386247188
3405,2.578484643696743,6.3847273773486535,7.327331666648398
3406,4.921990192707075,5.558466775707098,6.531539840809825
34152,1.9384317024017272,3.4775144039520183,3.965638137914181
34201,1.7351848721442005,3.622830527074448,4.49765440568371
34230,3.0529937660691098,9.222772362459578,10.222722870764526
34235,1.7428487753780857,3.2268121191038324,3.5911164221616425
34253,2.9312055674880946,6.124198318749967,6.490500938021501
34261,2.296023454742638,6.617826289018018,7.516374823687594
34281,10.601590042221266,17.27362293685188,18.273622933745425
34291,3.127634220887376,6.206459294707642,7.011508875919281
3434,5.354696448152106,7.851716302617857,8.847588482626108
34364,2.2870621786496104,5.0275210255986815,5.715409937593474
34393,2.5052221596201982,5.916838083799044,6.834382663491068
34395,2.66675221569913,6.433807014210635,6.875595392816415
34492,4.554216256445867,4.629528264645016,5.629524129160682
3459,2.60188631892306,3.3106322773837267,4.310632276973281
34614,2.367717998524689,3.2788067439641044,3.885568489607598
34655,10.179255493792448,14.804204552765311,15.802914992012372
34680,2.54572982380914,2.639001680432655,3.2711134798072674
34748,7.199280829757289,13.760785150545416,14.368237735005234
34758,2.1740921106469795,4.358436384823953,5.267105809556609
34778,3.750265731200373,3.452545251443293,3.9906748488557904
3478,2.08311957475099,3.3844525568681965,4.1137131018033175
34809,3.876389064386214,6.769788741538551,7.764933273442419
34814,3.764298099870567,8.020900370285775,8.566984755041677
34827,2.3195819566190323,3.1347918597771347,4.047270565600089
34921,6.291927149609446,14.33558970640016,15.335589652314091
35037,1.7466133828571648,2.576730507573406,3.487315777986446
35094,2.570738044658641,3.923231715430204,4.61329181619428
35132,1.708735508907561,2.598867254721249,3.2931257876430617
35151,1.9711954166319487,4.173654874272048,5.063581221988418
35183,1.842894442069823,2.622353575596209,3.4053327134487272
35196,7.105833111412903,8.93182375451332,9.931822547758298
35311,3.0480265095039707,7.177066950423125,8.009602871300297
3540,1.6689631694396252,3.2291436084248804,3.977267155337727
35461,4.900489757005412,14.731252606307702,15.72991492383377
35483,2.080313168905213,3.182309310025818,3.806339797469544
35492,2.396865994428553,5.351842157718533,6.202585385752445
35512,2.2031302902710364,4.286737602422321,5.286737512091287
35554,2.4128708000360035,3.040639329617826,3.683296170926991
35560,3.7709042356272944,6.257630629391421,7.257214649344581
35607,1.720366838868412,3.7682764189559337,4.447489794208066
35611,5.911582154264246,14.1819279877077,14.88589664987631
35615,2.28344038220676,4.18085356909538,4.663682163859006
35630,2.441068775531598,6.998281863002699,7.997960241371773
35643,3.765281273688103,7.461171610904946,8.09501247157801
35669,1.8650158569469195,3.692992251335128,4.578821222062257
35708,1.858107556441969,3.767173207663436,4.633816781364265
35716,8.385106497063633,22.70794179398152,23.168147088308768
35747,2.348713248265873,3.522405117700347,4.522405116800551
35750,4.355760574105458,12.330858064864952,13.330855327250095
35754,3.982674740598098,8.230262287409367,9.011299505920237
35803,2.4654920894465,8.810038401734715,9.798278860898966
35828,2.785293346935257,3.2259275181592604,3.810478921132976
35853,1.5783303578202792,3.059220140633824,3.905877052878546
35928,2.2358633636002287,3.5296623936186413,4.388666670302866
35953,1.9311218434025408,3.0676560893053866,3.6346417751064974
36053,2.0140509327356244,5.074892638319298,5.9998561958241545
36102,2.925140696838143,3.301445847402259,3.884500918443234
3612,1.65180431156628,3.0871996929977428,4.087199686903397
36139,2.6278723122805414,3.5855602496570613,3.926834951843343
3615,8.714277036693694,6.073717126705793,7.073717126704812
36153,2.0129318404613072,3.5414758010854404,4.382819462686405
36173,2.319051561991522,2.8620513833599217,3.736137879214396
36211,2.178048692446954,5.149224662739515,6.102903450723937
36343,4.550089593988158,5.2795477826857065,5.810755993855141
36400,4.003736530118361,5.606565332654376,6.602091411051683
36424,1.6046130292528598,4.351035004949242,4.923851685147928
3646,3.0130109878298734,3.279717029126429,3.7034077758530377
36479,3.3978980490661024,4.756588192490569,5.603617026945164
36489,2.1299559333020337,5.403998004807737,5.941246862726531
36515,1.6352999772230206,3.440816477460567,4.310655007667487
36536,2.304695086299178,5.515039119208439,5.85657056516979
36584,3.2106280373795117,16.36618014302642,16.670938899941454
36707,2.248780756064113,4.870819496071252,5.667666797482704
36711,1.634175282503899,3.3094505907214065,4.309450584433605
3672,2.0004842106888585,3.207008671377612,3.985174630384834
36734,2.0796905112435757,2.6963424144287726,3.5681989758838237
36735,2.1638786109762878,4.826836312783027,5.806259077136922
36764,2.978431326294277,6.349003094323827,7.339329136148821
36785,1.9490649438274557,4.1705520851779605,5.0441538920094775
36814,2.1721374363818606,4.353500388369123,5.2114833462999774
36815,4.006497432618023,10.81361276070093,11.36840195765561
36923,1.8702614167295308,3.2245223598186787,3.927960401031374
36953,1.6498079636227068,2.6971513225700403,3.455383939092167
36998,3.0464298838238903,10.722172122954998,11.648104178406715
37001,2.6904166453185026,3.345364638486437,3.666572571850344
37016,1.8444384821052813,2.68589243253732,3.4830104318831223
37075,2.2098227317906494,4.548513101852208,5.548507476206011
37102,5.152783476157462,14.542366033421382,15.542357231577864
3712,2.0300935293322047,4.313889760436307,5.290165623594962
37136,3.3304945283567946,9.324012645813816,10.225093233619134
3717,3.029622324923104,6.70818763672729,7.613059389658623
37339,6.891480172957131,16.16054519474096,17.160544447772555
37392,1.779157464388308,2.925486396065832,3.342437372793489
37420,3.059116957261156,6.947509940115582,7.667429230796585
37426,1.7424312134947502,6.654138959997465,7.313445354287209
3744,2.171428267539425,5.806613936183648,6.801127625971321
3748,2.027224563983459,2.810803733933319,3.810803719852292
37491,1.6394024665695863,5.740851437115447,6.628566963124449
37535,1.9265135734596837,3.62398376910941,4.561656840191091
37538,2.122375547623414,3.74233523381773,4.612380921320575
37549,3.732506028992678,4.876759382339738,5.876664470954834
37575,1.7128681280740057,2.5686049796343697,3.25557409552984
37606,1.6196644952805963,3.1207753383828667,3.836412606346939
3761,1.8369793940781092,3.0126465939260534,3.7770216912735113
37636,1.6250541966946386,2.69308597529249,3.693069208493776
37792,1.7745728521734347,5.34418511396676,6.343783127754608
378,4.958699810278561,9.854048040120356,10.255401114895058
37813,3.317371076297381,7.882861345248814,8.882449546245606
37816,2.451415618996607,4.9044429212564005,5.363065790199734
37827,2.977662262800484,4.803107030600088,5.803107025964672
37833,1.8602187457299488,2.8817405653911177,3.649304701584231
37837,4.715282066417402,3.9389548447436105,4.938951967312081
37876,2.3410293179423047,5.836940967222968,6.736424533955285
37896,3.0731375035741038,5.866753178906101,6.866752521820253
37924,1.7293754309970686,4.226548367148582,4.86456953058932
37972,1.6600352517672408,3.945738826012719,4.729841609172217
38003,4.198479767068267,7.077403401311898,7.9405647266213855
38032,1.7451164279426885,4.268034882325716,5.2279562077455095
38040,4.4799398319795465,9.099122019735605,10.099122018047405
38165,2.731327887426657,6.292400060855276,7.292396797419216
38201,3.3634611945743207,6.35584144732336,7.003928637356509
38214,2.137978923343133,5.24746472267545,5.622608232614175
38217,1.81201307074181,6.053767049996643,6.859815525208476
38256,2.143979701153357,3.997158198073749,4.755436754835332
38292,1.577783233824552,3.2144394540269445,4.048098321644052
38343,3.836403278727313,6.337491612979154,7.278757845201975
38367,1.6361647000948494,4.899837656900964,5.787502812914308
38377,2.1807233014941785,4.814558177023384,5.4749516981280335
38400,4.748588175833822,5.346523025340571,6.3406370601184365
38423,5.051196259840756,12.80321355697149,13.786736625830567
38445,1.8121374040121845,5.181553497800946,5.787232471311752
38456,2.4372723690534737,4.669367019008362,5.158203994943127
38466,2.6971458204558862,3.27990491276293,4.279904404779618
38494,6.1600780049957615,18.155711018944025,19.15541062869725
38623,2.521263082141978,4.004285149379486,4.85124014783871
38642,2.4186996591089898,4.375608097154559,4.986192131728092
38653,2.099133598942296,3.1768564804764194,4.0163870220132
38678,3.201437976264629,5.5739053339213465,6.573905329951268
38774,2.639275601100417,3.570920714853753,4.570919116766953
38807,2.5845142204834195,2.6896519106231547,3.567882573795249
38818,3.6530755619593807,6.935259554022536,7.277479036999656
38819,2.730955947305555,11.677727580267629,12.493515123003672
38833,6.353248093029067,4.375401664288104,5.375400905655666
38865,3.705455092960783,8.056315974807095,8.987601200046836
38867,1.967508107606794,3.185767616148807,3.973067183712277
38897,1.7488741057053832,3.8045102586210384,4.5231185609460605
38920,1.8629037592595847,3.155266191659116,3.686248091314219
39014,3.653081151686087,8.629113133884918,9.37305971851289
39038,4.240719994656625,5.059738540523214,6.059733055061139
39086,1.820259974174786,3.68410179616656,4.012210055724683
39126,1.778220543924167,3.331028623333057,4.303956681694416
39168,2.619084380480992,3.681460962902355,4.66696731363238
39179,2.307726056349268,4.274721659131612,4.976092498734786
39277,2.543725237371007,3.0753618918983725,3.73570350655143
39298,1.9499399799420167,3.995875681476503,4.90351466341204
39300,2.043380204832016,3.6658080708477687,4.218630750332889
39318,1.7560147678172586,4.935866335495111,5.935866332955777
39322,4.470407662852707,11.761820563244656,12.761820435036658
39326,3.2623228194983733,8.046799161725858,9.014033665307204
39348,2.170718144288684,5.027684265941842,5.624775849372653
39504,1.843746863133692,4.759777744190101,5.759777420727896
39548,2.4028617020623004,6.639288325008617,7.639288271799771
39549,1.9747895706169811,6.481852255653724,7.481852255361412
396,1.9937448477062916,5.024060831845256,5.503660550213399
39647,2.7688367316405254,5.900232249837258,6.601900923383959
39666,1.7006025717414543,3.93166745792752,4.842511356859339
39695,4.272487732799549,7.0097473287772205,7.738064888944027
39706,2.894264140946568,3.497453792501655,4.193653301008351
39752,3.054241626113573,3.048898353615784,4.004750194046174
39840,3.094170071629486,3.720661598315469,4.720661253291152
39872,2.016202702283477,5.156154685973052,6.156154558358463
39884,1.5844406696079687,2.7947256930286866,3.7556189598115752
39887,1.7626653636603034,4.282722033921736,5.271866213311168
39981,6.093639113116907,11.12113385384227,12.121132534154066
40013,2.32426001765944,5.596128595039042,6.492656048786696
40097,6.016706492053159,10.45901918570039,11.458722413724818
40101,1.709602437064593,3.181737591543375,4.029028879847172
40127,2.3303978453336893,4.004217124733057,4.382524028418089
40234,1.8578590574555536,4.676564062928874,5.610421636411265
40243,3.0185780201365637,10.305973756848744,11.305973193882696
40291,3.0346446307534887,4.062304620321426,5.06230354619742
40318,3.522024237763876,4.643915367677707,5.009947928881898
40331,2.422933735952625,4.559179508932871,5.228535227324368
40362,1.801125435175403,6.6543531831251865,7.139536237361004
40370,3.0440418964067613,9.21128920742051,10.030281553536598
40387,2.629176177352621,6.573450654557541,7.296818742050961
404,1.7846087598551332,2.863535479819087,3.353081632647945
4045,2.6318042860794164,5.017667876793114,6.017637722570666
4056,4.750085008107243,5.6553102852861,6.381321913378208
40697,3.443769450068209,3.770139387926718,4.770055113662118
40736,4.608122830111512,14.903915154343052,15.81276201107159
40749,2.0483489972934463,4.183760731703146,5.063187294360081
40767,1.645622657563358,4.833630175268628,5.699075566157525
40783,1.781492612219656,5.038396622352307,5.927063219308255
40824,7.706728068014034,10.253111326162522,10.716318046751672
40835,2.033740493243364,7.473396826239366,8.088945888768569
40878,5.0150968485701215,10.494078783358267,10.889740692138918
40909,1.81678187045186,3.341657097040245,4.199264224558011
40963,4.445331035496777,3.546426837140684,4.016765771794665
40985,1.7056161185290664,3.694592269018067,4.384725391040538
41063,2.500545065012865,2.8807472378746657,3.638006219845901
4149,2.564079153608361,4.439117305084372,5.083885699853167
4165,2.8843603195825387,9.390856589801272,9.93425843113324
422,3.936745037440536,6.664395388281429,7.664395367932612
4236,1.574474311379855,3.773981865218131,4.745653696555267
4253,2.6556552546086,8.594522565306274,8.97643412873038
4256,10.698172650285724,13.700734043839184,14.700688829307774
4262,1.6450850597314903,3.503825212173726,4.503825212130761
4331,2.050438897674069,4.421112375534094,5.091386896723627
4364,1.903745741626199,5.914013860275079,6.597655287396365
4478,1.798220764355147,3.382289532699811,3.842584657181454
4516,2.8147900896784352,5.391718529161513,6.391703967635827
4593,2.0318375243651725,4.048611907006474,4.68441865049189
4643,3.1922632205295574,8.943934983470452,9.329884499174227
4651,2.266758440529528,2.779950557801229,3.257584690587164
4663,1.7435931437533132,3.8566016506620366,4.70367352551298
4750,2.62520220891096,6.93634291859726,7.406094194743106
4776,2.4374591480488657,7.14595846081674,7.936828262292313
4790,1.7224298717763236,3.8601395484337337,4.309250973430945
482,3.194538084119089,8.392918519670934,8.738140436047646
4829,1.7005295686108517,3.713330257416294,4.6316839658382
4982,2.064001014579726,3.305995163690137,4.18428858817761
4985,1.679658725832469,3.699900104562369,4.30476874984537
506,1.8005178206616068,2.8338059186204045,3.5348312683786585
51,2.9995372576269754,6.924085697996601,7.584798118342557
510,3.351646869865371,7.227631718762056,7.6259185555868125
5165,5.18898771518335,11.498145298435793,12.305970431794504
5218,1.8040267287653344,3.6821300693140704,4.547745352946765
5250,2.06278982321823,5.954610951925179,6.954460241195401
5255,3.953674818175812,9.533981946932302,10.503622117393911
532,2.197536608109633,7.206912724383164,8.12544061876855
5323,2.902736311084692,2.87242153664878,3.491682981281705
5384,2.1915866679315297,3.019452260854872,3.461539089810647
5412,8.08860927876098,17.53886006408324,18.53886006350881
5416,4.409117541241289,6.814874726965026,7.808423637293206
5428,1.5901025922471927,3.736065146129796,4.6516811284702895
5515,1.9876730388925108,2.851183263702511,3.61261311868388
5609,3.066354050151832,6.23280974400558,6.594533358054708
5709,3.658693640359299,8.44779911145374,9.447701735028492
5718,1.82003597569156,4.075043559116387,5.067902272995491
5779,9.31156838534481,18.09300014587471,19.09300014494095
579,1.8542966975725292,3.1434742115338667,3.9612284491631846
5840,2.333227457886659,3.69453575718885,4.251778476950378
5856,5.168202646001464,12.146286838533571,13.140960377599724
5895,1.6206247599954031,5.464343040384415,6.463620851677655
5910,4.560897954819725,5.954919034214789,6.835920495749885
6039,2.341036093501525,4.8701543349706,5.859848260990767
6061,4.744584731200607,6.17746416206172,7.07885996667121
6115,2.195426908663718,3.166152780068964,3.516689191999774
6132,1.7688835740517304,3.2270245060741947,3.9647699014825535
6140,1.6347551803056106,3.211810140735178,3.893427069463272
6177,2.019683162920733,5.825093220565269,6.300783199355423
6197,1.7711298402395792,3.612799622139808,4.327833342959795
6205,2.7153641914638174,5.434311466189894,5.932646134539329
6332,5.390065180878247,7.692676056817058,8.68867025380634
6350,1.5790510411196648,2.811167644696976,3.3208604809175863
6430,2.002828686113505,4.774766112182605,5.6880224111796105
6458,1.9519864051576776,3.391442713558036,4.266972814270577
6501,2.442714545050978,2.703003232364092,3.627447925086706
6505,1.622982088281048,2.841377115883317,3.721710196803437
6508,1.714585615072194,4.281460639767937,5.280705343623071
6525,1.8643260360306424,3.2280219680832065,4.064819071968714
6556,1.737673304328288,4.972066673268098,5.370264070120789
6575,3.7098464616628783,9.453894024087942,10.218343036783676
6593,3.4954411339519527,3.680927328421931,4.251364554887209
6597,2.2058043173158626,5.729517551168893,6.353375123422719
6647,1.5858873091343535,2.6485432464428804,3.405504582863999
6672,2.027748339552173,4.665483619587239,5.474294803614278
670,1.911113087999636,3.448204261394867,4.295077084662837
6723,2.6094195061545027,5.147388811257144,5.939245693606504
6724,3.651081283430739,4.971274240084348,5.9580837913646425
6735,19.090996642756387,26.44599911955569,27.22107168740215
6740,1.605170593548746,3.3648328194292256,3.870440258259413
6786,2.0458010385144143,4.459502308428887,5.00279447620421
6812,1.8405573163658189,2.6299158532422258,3.272795169679501
6902,2.177402286966617,5.264682426256158,6.262139773369922
6906,1.8179496452576287,2.7596482112786167,3.313874006849056
6914,8.297467735116623,14.0566361368919,15.055474300994462
6930,2.9409529250638697,3.444794522524189,4.034283189834781
6944,2.5280602307143982,5.585518601530273,6.582217203979085
7024,2.6082050316162007,3.423032520750413,4.292243946179015
7064,1.8049683757956865,3.899932021894778,4.8481670424948
7090,2.97897844997264,4.351872116449604,5.339523234464238
7126,3.235924015358184,9.203586004857293,10.177030058626572
7171,2.068874288323935,2.764625100050924,3.485886975536221
7198,2.325572438029128,3.5240174176612578,4.030916789804694
7214,1.7991900067985551,5.06773014469974,5.573531003486525
7293,2.8197947612981995,5.107320629422226,5.934471394146705
73,3.341261114020555,5.935736505994556,6.914267458341092
730,1.7139029286164034,3.211827098619996,4.2118270985932185
7331,4.3493366843881605,5.692676973865984,6.692604375898851
7376,5.67287239896403,4.802659990702689,5.7921284561124375
7389,1.7597404694327634,2.583538853560084,3.330112284236706
7409,3.953224608620573,10.237445348419882,10.588248643368503
7457,2.085642584838603,3.647047173497472,3.9925489659578273
7459,2.6040731094602045,4.324765713806845,5.045072951809788
7460,1.6221827326860363,3.385079641494748,3.716794561127693
7550,2.1882936687294694,3.8638394070920663,4.400603521264658
7632,2.087125936980278,4.501247120926453,5.483946104901395
7684,3.0726426494341115,3.0760525087492487,3.845022849667388
7717,1.7526332933159423,2.9650804509011386,3.775623616008782
7781,2.133740572426809,2.896889185525529,3.7331236510542745
7802,2.116245551102652,2.753525838214639,3.414804127181295
7832,2.404142098405494,4.967209500800348,5.689895865938921
787,1.7125133356045408,4.3360831094459575,5.10388512703326
804,1.827430741564172,3.08781357150604,3.567232465019538
8058,1.9811010344949824,2.817317575656745,3.63078673546729
8131,2.4180503131078965,3.508879347538551,4.178375471343243
8150,2.4401599067122546,3.394293152882115,4.217603775455372
8151,2.8604861219048123,2.724355314716413,3.5682985517806127
8160,5.335721386710502,5.674786738444145,6.300973681991287
8306,2.3751807535012124,4.162011881249019,4.542049942205605
832,1.5988989791362067,2.9702320167382275,3.3118708076599663
8346,1.9142586571251052,2.8888959373249725,3.885756432011709
8347,11.5654704907898,16.57354663231532,17.573546611624757
8352,1.9217675165984724,2.991420096111392,3.467626870334242
8371,7.49536627667103,20.07707774362315,21.03874290467485
8379,3.4541837311430963,3.707216732526776,4.195832924336582
8396,3.831772421215563,5.65671125433827,6.130100065399456
8403,2.7520171342779105,4.065686154197137,4.968894587387379
8411,1.6626927739234556,3.1625223430498326,3.901546290467312
8416,1.5849520291729289,5.904874498789295,6.761211493754873
8523,1.9772529747032697,3.217059019682127,4.217059019675334
8540,1.9491305483588868,2.918689899097366,3.4220937955056767
8544,4.460594920463952,8.04342539164553,8.715921702191947
8584,3.0641916549553985,8.279526887499921,9.251717971843387
864,2.57119348555158,3.857353450948803,4.561910226495772
8693,2.219428255806702,2.615903197093261,3.6144878748130633
8701,1.9081242453730392,3.525357360744369,4.495080558196394
8727,1.6395070872465218,3.09303906462714,4.091695022946971
8795,2.4537316851138646,4.086717878907668,4.711912200056378
8936,3.4189752901805126,4.109411166554908,4.613655937089098
9068,2.27902349152288,4.813080035393101,5.14291725020114
9118,4.741589687110503,9.50709853733193,10.015732334668735
913,1.7467410365324378,3.435809086799116,3.9749344874254553
9140,2.2578664460468976,3.668683230822673,4.3560409819442345
9155,2.0750161728230787,5.458687419263313,6.393941598103561
918,2.903378599747227,4.161594187703905,5.01271686073094
9204,3.617078371757184,6.590749231733672,7.5907038125942705
921,2.793399520473247,3.1779696078323703,3.79256955392898
9232,2.57795177620736,3.7962056823928902,4.457892294302293
9250,3.012686658263691,3.6998887220722314,4.699885681809537
9261,3.3203128234781256,6.856140590940236,7.856140590940231
9273,1.89308953474085,3.1964007946248407,3.647211314531365
933,1.7320117362558327,3.653997612522006,4.653976036448269
9404,1.6613037459502284,3.192217622078456,3.5463804163829007
9448,3.050934910803265,8.698746190601977,9.68304031771417
9470,3.1720191498796795,7.004358757797164,7.62160742171695
9518,2.891518318396492,4.958866801042189,5.958866801028375
9522,2.8948430252319897,3.964713955021516,4.9641274883066
9544,4.482714003736381,10.315605854618438,10.694581306032696
9551,2.019432547642627,2.7684320836479994,3.597340520331097
9567,2.6103601495595283,3.6594739265236687,4.205218994491895
9635,2.129760751447484,4.381762337158776,5.020287320962225
9650,1.7627754483483646,3.029271886071437,3.447707348254365
9678,1.9067274675259536,2.636041311610221,3.498532524083304
9728,2.3183173364648684,7.51852100160296,8.509670221266086
9776,1.7285998342763629,4.721034753462996,5.59566913586651
9783,1.8021511398955252,2.724451022138194,3.293623187949328
9811,2.4385319774069303,6.2018178133958,7.197262697895714
9851,1.6097482248447903,4.426246626281041,4.971160060233686
9892,2.1263320176321385,2.7994381438986538,3.664383066974058
9915,1.593850034879408,4.180800265418688,4.639328892331727
9947,2.162828019270641,2.839013482284697,3.4749773277760867
995,2.089261752839752,4.870572178634792,5.390037617746207
